pair,threshold,n,win_rate,mean_return,median_return,profit_factor,break_even_cost,net_exp_COST_LOW,net_exp_COST_BASE
AUD/CAD,0.5,2011,0.5077,-0.2545,0.3000,0.9541,0.0000,-1.1248,-2.0275
AUD/CAD,0.55,1305,0.5073,-0.1094,0.3000,0.9807,0.0000,-0.9797,-1.8824
AUD/CAD,0.6,845,0.5018,0.1609,0.2000,1.0292,0.1609,-0.7093,-1.6120
AUD/CAD,0.65,554,0.5235,0.7874,0.7500,1.1426,0.7874,-0.0829,-0.9856
AUD/CAD,0.7,397,0.5038,0.0572,0.3000,1.0091,0.0572,-0.8131,-1.7158
AUD/CAD,0.75,279,0.4875,-0.4161,-0.1000,0.9361,0.0000,-1.2864,-2.1891
AUD/CAD,0.8,183,0.4754,-2.2016,-1.0000,0.6966,0.0000,-3.0719,-3.9746
AUD/CAD,0.85,125,0.4880,-3.0336,-0.1000,0.6370,0.0000,-3.9039,-4.8066
AUD/CAD,0.9,76,0.4868,-2.3934,-0.1000,0.6997,0.0000,-3.2637,-4.1664
AUD/CHF,0.5,1846,0.4848,-1.2368,-0.3000,0.7531,0.0000,-2.0154,-2.8493
AUD/CHF,0.55,1156,0.4922,-1.0543,-0.1000,0.7871,0.0000,-1.8329,-2.6668
AUD/CHF,0.6,736,0.4918,-1.1058,-0.1000,0.7810,0.0000,-1.8844,-2.7183
AUD/CHF,0.65,459,0.4924,-1.1845,-0.2000,0.7765,0.0000,-1.9631,-2.7970
AUD/CHF,0.7,280,0.5179,-0.4786,0.5500,0.9077,0.0000,-1.2571,-2.0911
AUD/CHF,0.75,191,0.5131,-0.3000,0.6000,0.9440,0.0000,-1.0786,-1.9125
AUD/CHF,0.8,119,0.5210,-0.1387,1.0000,0.9752,0.0000,-0.9172,-1.7512
AUD/CHF,0.85,82,0.5244,0.9805,1.4000,1.1875,0.9805,0.2019,-0.6320
AUD/CHF,0.9,41,0.4634,1.1707,-0.2000,1.1953,1.1707,0.3922,-0.4418
AUD/JPY,0.5,1781,0.5188,-0.3141,0.9000,0.9606,0.0000,-1.2126,-2.1365
AUD/JPY,0.55,1173,0.5166,-0.4661,0.8000,0.9422,0.0000,-1.3646,-2.2885
AUD/JPY,0.6,749,0.5234,-0.3777,1.2000,0.9562,0.0000,-1.2762,-2.2001
AUD/JPY,0.65,513,0.5283,0.0628,1.3000,1.0073,0.0628,-0.8357,-1.7596
AUD/JPY,0.7,331,0.5257,0.1553,0.8000,1.0166,0.1553,-0.7432,-1.6671
AUD/JPY,0.75,215,0.5256,-0.3019,0.7000,0.9720,0.0000,-1.2004,-2.1242
AUD/JPY,0.8,130,0.5385,-0.7385,1.6500,0.9402,0.0000,-1.6370,-2.5608
AUD/JPY,0.85,78,0.5000,-6.0782,-0.1500,0.6271,0.0000,-6.9767,-7.9006
AUD/JPY,0.9,42,0.5000,-2.1571,-0.2500,0.8597,0.0000,-3.0557,-3.9795
AUD/USD,0.5,1994,0.4870,-0.2197,-0.2000,0.9610,0.0000,-1.0197,-1.8697
AUD/USD,0.55,1341,0.4795,-0.6758,-0.5000,0.8892,0.0000,-1.4758,-2.3258
AUD/USD,0.6,901,0.4750,-0.5926,-0.7000,0.9074,0.0000,-1.3926,-2.2426
AUD/USD,0.65,595,0.4857,-0.3230,-0.5000,0.9520,0.0000,-1.1230,-1.9730
AUD/USD,0.7,410,0.4854,-0.3700,-0.5500,0.9486,0.0000,-1.1700,-2.0200
AUD/USD,0.75,291,0.4880,-0.1079,-0.5000,0.9853,0.0000,-0.9079,-1.7579
AUD/USD,0.8,192,0.4844,-0.8927,-0.8000,0.8872,0.0000,-1.6927,-2.5427
AUD/USD,0.85,122,0.5246,0.8131,0.6500,1.1153,0.8131,0.0131,-0.8369
AUD/USD,0.9,82,0.5000,-1.3488,-0.2500,0.8394,0.0000,-2.1488,-2.9988
CAD/JPY,0.5,2438,0.5320,0.4200,1.3500,1.0550,0.4200,-0.4785,-1.4024
CAD/JPY,0.55,1639,0.5223,-0.1140,0.9000,0.9862,0.0000,-1.0125,-1.9364
CAD/JPY,0.6,1132,0.5221,-0.4194,1.1000,0.9525,0.0000,-1.3179,-2.2418
CAD/JPY,0.65,773,0.5265,-0.1532,1.3000,0.9832,0.0000,-1.0517,-1.9756
CAD/JPY,0.7,547,0.5265,0.3477,1.2000,1.0381,0.3477,-0.5508,-1.4747
CAD/JPY,0.75,379,0.5303,1.1040,1.3000,1.1172,1.1040,0.2055,-0.7184
CAD/JPY,0.8,247,0.4980,0.3085,0.0000,1.0320,0.3085,-0.5900,-1.5139
CAD/JPY,0.85,157,0.4522,0.3796,-1.5000,1.0406,0.3796,-0.5189,-1.4428
CAD/JPY,0.9,98,0.4592,2.1612,-1.6500,1.2111,2.1612,1.2627,0.3388
EUR/AUD,0.5,1812,0.5105,2.0301,0.5500,1.2308,2.0301,1.1224,0.1917
EUR/AUD,0.55,1174,0.5094,2.2217,0.4000,1.2459,2.2217,1.3140,0.3833
EUR/AUD,0.6,761,0.5085,1.9114,0.5000,1.1994,1.9114,1.0037,0.0730
EUR/AUD,0.65,502,0.5040,1.2753,0.2000,1.1241,1.2753,0.3676,-0.5632
EUR/AUD,0.7,317,0.4858,0.2287,-0.5000,1.0193,0.2287,-0.6790,-1.6098
EUR/AUD,0.75,202,0.5050,-0.1233,0.2500,0.9901,0.0000,-1.0310,-1.9617
EUR/AUD,0.8,128,0.4922,-2.9320,-0.3500,0.7947,0.0000,-3.8397,-4.7705
EUR/AUD,0.85,79,0.5443,0.5544,2.2000,1.0413,0.5544,-0.3533,-1.2840
EUR/AUD,0.9,38,0.4737,-5.2921,-0.3500,0.7158,0.0000,-6.1998,-7.1306
EUR/CAD,0.5,3428,0.4880,-0.3244,-0.6000,0.9608,0.0000,-1.1947,-2.0974
EUR/CAD,0.55,2411,0.4961,0.0256,-0.2000,1.0031,0.0256,-0.8446,-1.7473
EUR/CAD,0.6,1736,0.4960,-0.2349,-0.3000,0.9724,0.0000,-1.1051,-2.0078
EUR/CAD,0.65,1230,0.5000,0.3798,0.0500,1.0455,0.3798,-0.4905,-1.3932
EUR/CAD,0.7,862,0.5000,0.1042,0.0500,1.0121,0.1042,-0.7661,-1.6688
EUR/CAD,0.75,580,0.4931,-0.6079,-0.3000,0.9351,0.0000,-1.4782,-2.3809
EUR/CAD,0.8,395,0.4911,-1.5278,-0.6000,0.8473,0.0000,-2.3981,-3.3008
EUR/CAD,0.85,261,0.5096,-1.2644,0.2000,0.8784,0.0000,-2.1346,-3.0373
EUR/CAD,0.9,146,0.4863,-3.5726,-1.0000,0.6894,0.0000,-4.4429,-5.3456
EUR/CHF,0.5,3302,0.4979,-0.2101,0.0000,0.9566,0.0000,-0.9886,-1.8226
EUR/CHF,0.55,2342,0.4927,-0.2735,-0.1000,0.9448,0.0000,-1.0521,-1.8860
EUR/CHF,0.6,1660,0.5024,-0.1165,0.1000,0.9766,0.0000,-0.8951,-1.7290
EUR/CHF,0.65,1215,0.5070,-0.0747,0.2000,0.9853,0.0000,-0.8532,-1.6872
EUR/CHF,0.7,854,0.5222,0.0886,0.4000,1.0173,0.0886,-0.6899,-1.5239
EUR/CHF,0.75,595,0.5126,0.2667,0.4000,1.0517,0.2667,-0.5118,-1.3458
EUR/CHF,0.8,406,0.5222,0.2552,0.5000,1.0467,0.2552,-0.5234,-1.3573
EUR/CHF,0.85,257,0.5175,0.0630,0.5000,1.0112,0.0630,-0.7155,-1.5495
EUR/CHF,0.9,142,0.4789,-1.2746,-0.1000,0.8015,0.0000,-2.0532,-2.8871
EUR/GBP,0.5,3466,0.4833,-0.0623,-0.3000,0.9854,0.0000,-0.8198,-1.6379
EUR/GBP,0.55,2520,0.4782,-0.1247,-0.6000,0.9718,0.0000,-0.8822,-1.7003
EUR/GBP,0.6,1812,0.4807,-0.0610,-0.3500,0.9864,0.0000,-0.8185,-1.6366
EUR/GBP,0.65,1311,0.4760,0.0708,-0.5000,1.0157,0.0708,-0.6867,-1.5048
EUR/GBP,0.7,937,0.4813,0.3805,-0.4000,1.0832,0.3805,-0.3770,-1.1951
EUR/GBP,0.75,657,0.4749,0.3269,-0.5000,1.0677,0.3269,-0.4305,-1.2486
EUR/GBP,0.8,454,0.4648,0.2401,-0.8000,1.0475,0.2401,-0.5174,-1.3355
EUR/GBP,0.85,288,0.4722,-0.0378,-0.8000,0.9926,0.0000,-0.7953,-1.6134
EUR/GBP,0.9,160,0.5125,0.0081,0.4500,1.0015,0.0081,-0.7494,-1.5675
EUR/USD,0.5,3154,0.5076,0.1112,0.3000,1.0160,0.1112,-0.6888,-1.5388
EUR/USD,0.55,2276,0.5088,-0.2651,0.3000,0.9636,0.0000,-1.0651,-1.9151
EUR/USD,0.6,1641,0.5137,0.1810,0.5000,1.0252,0.1810,-0.6190,-1.4690
EUR/USD,0.65,1159,0.5151,0.4123,0.7000,1.0565,0.4123,-0.3877,-1.2377
EUR/USD,0.7,798,0.5226,0.2559,0.9000,1.0333,0.2559,-0.5441,-1.3941
EUR/USD,0.75,557,0.5081,-0.1961,0.2000,0.9764,0.0000,-0.9961,-1.8461
EUR/USD,0.8,391,0.4987,-0.3481,-0.2000,0.9600,0.0000,-1.1481,-1.9981
EUR/USD,0.85,260,0.4923,-1.2658,-0.5000,0.8694,0.0000,-2.0658,-2.9158
EUR/USD,0.9,162,0.5000,-0.8210,-0.1000,0.9184,0.0000,-1.6210,-2.4710
GBP/AUD,0.5,1807,0.5053,1.6790,0.3000,1.1565,1.6790,0.7713,-0.1594
GBP/AUD,0.55,1168,0.5009,1.6506,0.1500,1.1497,1.6506,0.7429,-0.1879
GBP/AUD,0.6,778,0.5154,2.1530,0.8000,1.1932,2.1530,1.2453,0.3145
GBP/AUD,0.65,498,0.5181,1.6763,1.2000,1.1422,1.6763,0.7686,-0.1622
GBP/AUD,0.7,326,0.5337,1.8015,2.6500,1.1399,1.8015,0.8938,-0.0369
GBP/AUD,0.75,207,0.5362,0.9903,2.7000,1.0722,0.9903,0.0826,-0.8481
GBP/AUD,0.8,131,0.4962,-2.3977,-1.4000,0.8535,0.0000,-3.3054,-4.2362
GBP/AUD,0.85,76,0.4342,-6.5368,-7.6500,0.6561,0.0000,-7.4445,-8.3753
GBP/AUD,0.9,37,0.5135,-5.4892,3.6000,0.7264,0.0000,-6.3969,-7.3277
GBP/CAD,0.5,3511,0.5226,1.1808,1.2000,1.1277,1.1808,0.3105,-0.5922
GBP/CAD,0.55,2532,0.5103,0.7326,0.6000,1.0779,0.7326,-0.1376,-1.0404
GBP/CAD,0.6,1837,0.5193,1.3557,1.0000,1.1477,1.3557,0.4854,-0.4173
GBP/CAD,0.65,1300,0.5192,1.2405,0.8000,1.1300,1.2405,0.3703,-0.5324
GBP/CAD,0.7,933,0.5188,1.0280,0.8000,1.1061,1.0280,0.1577,-0.7450
GBP/CAD,0.75,668,0.5210,1.4686,0.9000,1.1545,1.4686,0.5983,-0.3044
GBP/CAD,0.8,431,0.5012,0.8643,0.1000,1.0832,0.8643,-0.0060,-0.9087
GBP/CAD,0.85,271,0.4908,-0.1063,-2.3000,0.9905,0.0000,-0.9765,-1.8792
GBP/CAD,0.9,153,0.4641,-2.3346,-3.5000,0.8074,0.0000,-3.2049,-4.1076
GBP/JPY,0.5,2314,0.5419,0.9287,2.4000,1.0740,0.9287,0.0302,-0.8936
GBP/JPY,0.55,1586,0.5404,0.7427,2.3500,1.0579,0.7427,-0.1558,-1.0797
GBP/JPY,0.6,1060,0.5453,-0.0547,2.5000,0.9960,0.0000,-0.9532,-1.8771
GBP/JPY,0.65,734,0.5599,0.2974,3.3000,1.0214,0.2974,-0.6011,-1.5250
GBP/JPY,0.7,508,0.5689,0.2935,3.3500,1.0211,0.2935,-0.6050,-1.5289
GBP/JPY,0.75,344,0.5669,-0.2802,3.2000,0.9804,0.0000,-1.1787,-2.1026
GBP/JPY,0.8,219,0.5662,-0.5342,3.3000,0.9645,0.0000,-1.4328,-2.3566
GBP/JPY,0.85,132,0.5833,-0.9932,3.8500,0.9378,0.0000,-1.8917,-2.8156
GBP/JPY,0.9,74,0.5541,-1.5432,2.6000,0.9118,0.0000,-2.4418,-3.3656
GBP/USD,0.5,3023,0.5038,0.0811,0.1000,1.0098,0.0811,-0.7189,-1.5689
GBP/USD,0.55,2125,0.5078,0.1168,0.2000,1.0139,0.1168,-0.6832,-1.5332
GBP/USD,0.6,1500,0.5080,0.1582,0.2000,1.0185,0.1582,-0.6418,-1.4918
GBP/USD,0.65,1037,0.5101,0.3076,0.4000,1.0358,0.3076,-0.4924,-1.3424
GBP/USD,0.7,729,0.5117,0.1542,0.4000,1.0171,0.1542,-0.6458,-1.4958
GBP/USD,0.75,496,0.5262,0.7183,0.8000,1.0796,0.7183,-0.0817,-0.9317
GBP/USD,0.8,326,0.4908,-0.3113,-0.7000,0.9690,0.0000,-1.1113,-1.9613
GBP/USD,0.85,219,0.4658,-0.8712,-1.8000,0.9164,0.0000,-1.6712,-2.5212
GBP/USD,0.9,131,0.4656,-0.7595,-1.8000,0.9303,0.0000,-1.5595,-2.4095
NZD/CHF,0.5,1750,0.4811,-0.7077,-0.2500,0.8306,0.0000,-1.4862,-2.3202
NZD/CHF,0.55,1130,0.4867,-0.6693,-0.2000,0.8441,0.0000,-1.4479,-2.2818
NZD/CHF,0.6,734,0.4687,-0.9925,-0.7500,0.7850,0.0000,-1.7711,-2.6050
NZD/CHF,0.65,484,0.4545,-1.3300,-1.1000,0.7213,0.0000,-2.1085,-2.9425
NZD/CHF,0.7,307,0.4788,-0.7619,-0.2000,0.8387,0.0000,-1.5405,-2.3744
NZD/CHF,0.75,183,0.4809,-0.4361,-0.2000,0.9089,0.0000,-1.2146,-2.0486
NZD/CHF,0.8,120,0.4917,0.0800,-0.2500,1.0163,0.0800,-0.6986,-1.5325
NZD/CHF,0.85,62,0.5000,0.8532,-0.1000,1.1834,0.8532,0.0747,-0.7593
NZD/CHF,0.9,30,0.4333,2.0967,-2.0000,1.4783,2.0967,1.3181,0.4842
NZD/JPY,0.5,1713,0.5108,-0.8896,0.5000,0.8749,0.0000,-1.7881,-2.7120
NZD/JPY,0.55,1120,0.5089,-1.2141,0.4000,0.8416,0.0000,-2.1126,-3.0365
NZD/JPY,0.6,730,0.5260,-1.1695,0.9000,0.8550,0.0000,-2.0680,-2.9918
NZD/JPY,0.65,469,0.5416,-1.7124,1.3000,0.8043,0.0000,-2.6109,-3.5348
NZD/JPY,0.7,315,0.5524,-1.4943,1.7000,0.8414,0.0000,-2.3928,-3.3167
NZD/JPY,0.75,197,0.5279,-2.9878,0.9000,0.7330,0.0000,-3.8863,-4.8102
NZD/JPY,0.8,125,0.5120,-4.1936,0.5000,0.6768,0.0000,-5.0921,-6.0160
NZD/JPY,0.85,79,0.4810,-3.7063,-2.1000,0.6852,0.0000,-4.6048,-5.5287
NZD/JPY,0.9,47,0.5745,2.2340,2.3000,1.2615,2.2340,1.3355,0.4117
NZD/USD,0.5,2084,0.4798,-0.7729,-0.6000,0.8639,0.0000,-1.5729,-2.4229
NZD/USD,0.55,1362,0.4750,-0.9079,-0.8000,0.8473,0.0000,-1.7079,-2.5579
NZD/USD,0.6,901,0.4650,-1.0494,-1.1000,0.8283,0.0000,-1.8494,-2.6994
NZD/USD,0.65,599,0.4374,-1.0689,-2.0000,0.8355,0.0000,-1.8689,-2.7189
NZD/USD,0.7,404,0.4356,-1.6886,-2.1000,0.7667,0.0000,-2.4886,-3.3386
NZD/USD,0.75,264,0.4053,-2.4402,-2.7500,0.6956,0.0000,-3.2402,-4.0902
NZD/USD,0.8,164,0.4451,-1.1799,-2.2500,0.8529,0.0000,-1.9799,-2.8299
NZD/USD,0.85,118,0.4407,-2.0669,-2.2500,0.7550,0.0000,-2.8669,-3.7169
NZD/USD,0.9,83,0.4699,-3.0554,-2.5000,0.6862,0.0000,-3.8554,-4.7054
USD/CHF,0.5,3131,0.5056,-0.3480,0.2000,0.9447,0.0000,-1.1266,-1.9605
USD/CHF,0.55,2229,0.4930,-0.6315,-0.2000,0.9045,0.0000,-1.4101,-2.2440
USD/CHF,0.6,1573,0.4755,-1.0763,-0.7000,0.8454,0.0000,-1.8549,-2.6888
USD/CHF,0.65,1162,0.4819,-0.8602,-0.6000,0.8779,0.0000,-1.6387,-2.4727
USD/CHF,0.7,803,0.4956,-0.5585,-0.2000,0.9217,0.0000,-1.3371,-2.1710
USD/CHF,0.75,567,0.4885,-0.8374,-0.4000,0.8895,0.0000,-1.6160,-2.4499
USD/CHF,0.8,378,0.4841,-0.7402,-1.1000,0.9034,0.0000,-1.5188,-2.3527
USD/CHF,0.85,243,0.5062,-0.2444,0.3000,0.9657,0.0000,-1.0230,-1.8569
USD/CHF,0.9,160,0.4938,-0.4794,-0.9000,0.9354,0.0000,-1.2579,-2.0919
USD/JPY,0.5,2280,0.5338,0.5981,1.5000,1.0630,0.5981,-0.3004,-1.2243
USD/JPY,0.55,1571,0.5290,0.5617,1.5000,1.0563,0.5617,-0.3368,-1.2607
USD/JPY,0.6,1120,0.5179,-0.0778,0.9000,0.9928,0.0000,-0.9763,-1.9002
USD/JPY,0.65,800,0.5175,0.2068,1.0500,1.0178,0.2068,-0.6918,-1.6156
USD/JPY,0.7,563,0.5133,0.4657,0.9000,1.0398,0.4657,-0.4328,-1.3567
USD/JPY,0.75,413,0.4988,1.1286,0.0000,1.0970,1.1286,0.2301,-0.6938
USD/JPY,0.8,285,0.4947,0.3986,-1.1000,1.0317,0.3986,-0.4999,-1.4238
USD/JPY,0.85,206,0.5194,1.1102,1.2500,1.0851,1.1102,0.2117,-0.7122
USD/JPY,0.9,138,0.5362,1.7913,2.4500,1.1332,1.7913,0.8928,-0.0311
