pair,horizon,n,correlation,p_value,mean_return,win_rate,profit_factor,break_even_cost
AUD/CAD,5min,131432,-0.0029,0.298862,-0.0020,0.4971,0.9991,0.0000
AUD/CAD,15min,131430,-0.0057,0.039195,-0.0059,0.4993,0.9985,0.0000
AUD/CAD,30min,131427,-0.0091,0.000955,-0.0116,0.4980,0.9979,0.0000
AUD/CAD,1h,131421,-0.0128,0.000003,-0.0234,0.4985,0.9970,0.0000
AUD/CAD,4h,131385,-0.0076,0.006011,-0.0825,0.5051,0.9947,0.0000
AUD/CAD,8h,131337,-0.0049,0.075634,-0.1476,0.5000,0.9932,0.0000
AUD/CAD,1d,130953,-0.0138,0.000001,-0.4901,0.4929,0.9893,0.0000
AUD/CHF,5min,131431,-0.0055,0.044653,-0.0121,0.4994,0.9940,0.0000
AUD/CHF,15min,131429,-0.0089,0.001286,-0.0361,0.5037,0.9895,0.0000
AUD/CHF,30min,131426,-0.0107,0.000111,-0.0717,0.5010,0.9852,0.0000
AUD/CHF,1h,131420,-0.0119,0.000016,-0.1422,0.5028,0.9795,0.0000
AUD/CHF,4h,131384,-0.0196,0.000000,-0.5687,0.5048,0.9601,0.0000
AUD/CHF,8h,131336,-0.0218,0.000000,-1.1431,0.5051,0.9426,0.0000
AUD/CHF,1d,130952,-0.0095,0.000625,-5.2322,0.4985,0.8834,0.0000
AUD/JPY,5min,131438,-0.0022,0.418021,0.0204,0.5049,1.0068,0.0204
AUD/JPY,15min,131436,-0.0050,0.069121,0.0614,0.5126,1.0117,0.0614
AUD/JPY,30min,131433,-0.0069,0.012783,0.1233,0.5162,1.0165,0.1233
AUD/JPY,1h,131427,-0.0097,0.000446,0.2488,0.5211,1.0232,0.2488
AUD/JPY,4h,131391,-0.0083,0.002686,1.0064,0.5307,1.0457,1.0064
AUD/JPY,8h,131343,-0.0037,0.184996,2.0371,0.5295,1.0660,2.0371
AUD/JPY,1d,130959,-0.0110,0.000067,10.9188,0.5582,1.1706,10.9188
AUD/USD,5min,131446,-0.0031,0.257780,-0.0019,0.4979,0.9991,0.0000
AUD/USD,15min,131444,-0.0054,0.048619,-0.0056,0.5002,0.9985,0.0000
AUD/USD,30min,131441,-0.0082,0.002958,-0.0111,0.5020,0.9980,0.0000
AUD/USD,1h,131435,-0.0139,0.000000,-0.0216,0.5044,0.9973,0.0000
AUD/USD,4h,131399,-0.0126,0.000005,-0.0782,0.5056,0.9952,0.0000
AUD/USD,8h,131351,-0.0138,0.000001,-0.1395,0.5011,0.9940,0.0000
AUD/USD,1d,130967,-0.0142,0.000000,-0.2684,0.5099,0.9947,0.0000
CAD/CHF,5min,131416,-0.0009,0.732981,-0.0109,0.5002,0.9940,0.0000
CAD/CHF,15min,131414,-0.0002,0.934341,-0.0326,0.5021,0.9895,0.0000
CAD/CHF,30min,131411,0.0007,0.802591,-0.0648,0.5019,0.9851,0.0000
CAD/CHF,1h,131405,-0.0004,0.871218,-0.1282,0.5037,0.9792,0.0000
CAD/CHF,4h,131369,-0.0007,0.794226,-0.5200,0.4981,0.9601,0.0000
CAD/CHF,8h,131321,-0.0093,0.000799,-1.0566,0.4933,0.9425,0.0000
CAD/CHF,1d,130937,0.0027,0.334449,-4.9694,0.4869,0.8801,0.0000
CAD/JPY,5min,131455,0.0042,0.128384,0.0225,0.5053,1.0079,0.0225
CAD/JPY,15min,131453,0.0093,0.000756,0.0679,0.5095,1.0137,0.0679
CAD/JPY,30min,131450,0.0127,0.000004,0.1362,0.5141,1.0192,0.1362
CAD/JPY,1h,131444,0.0148,0.000000,0.2747,0.5179,1.0270,0.2747
CAD/JPY,4h,131408,0.0069,0.011774,1.0997,0.5234,1.0510,1.0997
CAD/JPY,8h,131360,0.0028,0.304032,2.2050,0.5272,1.0725,2.2050
CAD/JPY,1d,130976,-0.0022,0.426953,11.5257,0.5427,1.1827,11.5257
EUR/AUD,5min,131426,-0.0074,0.006971,0.0103,0.4934,1.0025,0.0103
EUR/AUD,15min,131424,-0.0103,0.000200,0.0306,0.4920,1.0043,0.0306
EUR/AUD,30min,131421,-0.0130,0.000003,0.0605,0.4926,1.0060,0.0605
EUR/AUD,1h,131415,-0.0151,0.000000,0.1179,0.4924,1.0081,0.1179
EUR/AUD,4h,131379,-0.0138,0.000001,0.4728,0.4883,1.0159,0.4728
EUR/AUD,8h,131331,-0.0067,0.015939,0.9650,0.4818,1.0234,0.9650
EUR/AUD,1d,130947,-0.0012,0.661375,3.6154,0.4936,1.0398,3.6154
EUR/CAD,5min,131443,-0.0014,0.623312,0.0071,0.4976,1.0022,0.0071
EUR/CAD,15min,131441,-0.0011,0.684304,0.0212,0.4994,1.0038,0.0212
EUR/CAD,30min,131438,-0.0029,0.299348,0.0417,0.5024,1.0052,0.0417
EUR/CAD,1h,131432,-0.0052,0.059323,0.0801,0.5049,1.0070,0.0801
EUR/CAD,4h,131396,-0.0069,0.012237,0.3384,0.5022,1.0139,0.3384
EUR/CAD,8h,131348,0.0002,0.944603,0.7241,0.5042,1.0214,0.7241
EUR/CAD,1d,130964,0.0099,0.000363,2.7958,0.5032,1.0391,2.7958
EUR/CHF,5min,131431,-0.0053,0.054994,-0.0123,0.4962,0.9928,0.0000
EUR/CHF,15min,131429,-0.0037,0.177610,-0.0371,0.5009,0.9872,0.0000
EUR/CHF,30min,131426,-0.0046,0.096775,-0.0739,0.5020,0.9817,0.0000
EUR/CHF,1h,131420,-0.0039,0.158676,-0.1481,0.5051,0.9742,0.0000
EUR/CHF,4h,131384,-0.0020,0.459788,-0.5916,0.4945,0.9504,0.0000
EUR/CHF,8h,131336,-0.0176,0.000000,-1.1765,0.4877,0.9305,0.0000
EUR/CHF,1d,130952,-0.0096,0.000520,-6.0420,0.4577,0.8469,0.0000
EUR/GBP,5min,131452,-0.0022,0.416875,0.0085,0.4930,1.0047,0.0085
EUR/GBP,15min,131450,-0.0042,0.124339,0.0255,0.4955,1.0084,0.0255
EUR/GBP,30min,131447,-0.0049,0.077970,0.0509,0.4960,1.0118,0.0509
EUR/GBP,1h,131441,-0.0063,0.021579,0.1014,0.4999,1.0164,0.1014
EUR/GBP,4h,131405,-0.0058,0.035149,0.4124,0.4885,1.0313,0.4124
EUR/GBP,8h,131357,0.0017,0.537712,0.8316,0.4911,1.0448,0.8316
EUR/GBP,1d,130973,0.0057,0.038177,3.8791,0.4901,1.0974,3.8791
EUR/USD,5min,131460,-0.0023,0.396294,0.0043,0.4962,1.0018,0.0043
EUR/USD,15min,131458,-0.0048,0.083306,0.0129,0.5006,1.0030,0.0129
EUR/USD,30min,131455,-0.0060,0.028718,0.0255,0.5009,1.0042,0.0255
EUR/USD,1h,131449,-0.0075,0.006648,0.0497,0.5026,1.0056,0.0497
EUR/USD,4h,131413,-0.0024,0.377220,0.2121,0.4952,1.0112,0.2121
EUR/USD,8h,131365,0.0044,0.111153,0.4644,0.4956,1.0172,0.4644
EUR/USD,1d,130981,-0.0056,0.044425,2.1073,0.5008,1.0365,2.1073
GBP/AUD,5min,131354,-0.0016,0.552848,-0.0083,0.4951,0.9984,0.0000
GBP/AUD,15min,131352,-0.0027,0.336564,-0.0250,0.4941,0.9972,0.0000
GBP/AUD,30min,131349,-0.0031,0.254384,-0.0508,0.4935,0.9959,0.0000
GBP/AUD,1h,131343,-0.0033,0.228593,-0.1048,0.4945,0.9941,0.0000
GBP/AUD,4h,131307,-0.0122,0.000010,-0.4369,0.4958,0.9881,0.0000
GBP/AUD,8h,131259,-0.0192,0.000000,-0.8690,0.4977,0.9834,0.0000
GBP/AUD,1d,130875,-0.0027,0.323495,-5.1704,0.4934,0.9573,0.0000
GBP/CAD,5min,131383,-0.0021,0.443176,-0.0121,0.4992,0.9972,0.0000
GBP/CAD,15min,131381,-0.0031,0.263450,-0.0364,0.5006,0.9951,0.0000
GBP/CAD,30min,131378,-0.0030,0.276002,-0.0734,0.5030,0.9930,0.0000
GBP/CAD,1h,131372,-0.0039,0.156316,-0.1503,0.5061,0.9899,0.0000
GBP/CAD,4h,131336,-0.0014,0.606455,-0.5972,0.5054,0.9815,0.0000
GBP/CAD,8h,131288,-0.0018,0.514969,-1.1554,0.5097,0.9745,0.0000
GBP/CAD,1d,130904,0.0056,0.044095,-6.0966,0.5047,0.9417,0.0000
GBP/JPY,5min,131434,0.0003,0.901017,0.0321,0.5058,1.0065,0.0321
GBP/JPY,15min,131432,0.0026,0.336725,0.0967,0.5111,1.0112,0.0967
GBP/JPY,30min,131429,0.0053,0.054477,0.1937,0.5151,1.0156,0.1937
GBP/JPY,1h,131423,0.0070,0.010795,0.3889,0.5190,1.0218,0.3889
GBP/JPY,4h,131387,0.0004,0.883363,1.5642,0.5246,1.0415,1.5642
GBP/JPY,8h,131339,0.0116,0.000024,3.1849,0.5310,1.0592,3.1849
GBP/JPY,1d,130955,0.0127,0.000004,16.7612,0.5461,1.1415,16.7612
GBP/USD,5min,131448,-0.0002,0.944731,-0.0097,0.4972,0.9972,0.0000
GBP/USD,15min,131446,0.0015,0.596684,-0.0289,0.4999,0.9951,0.0000
GBP/USD,30min,131443,0.0022,0.417373,-0.0582,0.5020,0.9932,0.0000
GBP/USD,1h,131437,0.0025,0.360789,-0.1174,0.5037,0.9905,0.0000
GBP/USD,4h,131401,0.0025,0.373096,-0.4651,0.5029,0.9827,0.0000
GBP/USD,8h,131353,0.0062,0.024728,-0.8931,0.5048,0.9769,0.0000
GBP/USD,1d,130969,-0.0012,0.671103,-4.1475,0.5021,0.9519,0.0000
NZD/CHF,5min,131396,-0.0055,0.045116,-0.0156,0.4958,0.9918,0.0000
NZD/CHF,15min,131394,-0.0089,0.001205,-0.0464,0.4991,0.9856,0.0000
NZD/CHF,30min,131391,-0.0113,0.000044,-0.0923,0.4987,0.9795,0.0000
NZD/CHF,1h,131385,-0.0157,0.000000,-0.1842,0.4973,0.9712,0.0000
NZD/CHF,4h,131349,-0.0237,0.000000,-0.7435,0.4998,0.9435,0.0000
NZD/CHF,8h,131301,-0.0169,0.000000,-1.4877,0.4948,0.9192,0.0000
NZD/CHF,1d,130917,-0.0071,0.010492,-7.1284,0.4774,0.8306,0.0000
NZD/JPY,5min,131410,-0.0030,0.282508,0.0105,0.5030,1.0038,0.0105
NZD/JPY,15min,131408,-0.0046,0.094736,0.0321,0.5062,1.0068,0.0321
NZD/JPY,30min,131405,-0.0023,0.408767,0.0645,0.5128,1.0096,0.0645
NZD/JPY,1h,131399,-0.0019,0.490516,0.1302,0.5140,1.0135,0.1302
NZD/JPY,4h,131363,-0.0050,0.072216,0.5225,0.5195,1.0263,0.5225
NZD/JPY,8h,131315,0.0022,0.435035,1.0715,0.5199,1.0383,1.0715
NZD/JPY,1d,130931,-0.0001,0.966029,5.7680,0.5365,1.0979,5.7680
NZD/USD,5min,131426,-0.0028,0.313662,-0.0070,0.4935,0.9967,0.0000
NZD/USD,15min,131424,-0.0047,0.087577,-0.0209,0.4988,0.9943,0.0000
NZD/USD,30min,131421,-0.0059,0.032009,-0.0417,0.4967,0.9920,0.0000
NZD/USD,1h,131415,-0.0055,0.045148,-0.0835,0.4950,0.9890,0.0000
NZD/USD,4h,131379,-0.0035,0.205129,-0.3331,0.4971,0.9790,0.0000
NZD/USD,8h,131331,-0.0023,0.408856,-0.6467,0.4962,0.9715,0.0000
NZD/USD,1d,130947,-0.0072,0.009670,-3.0043,0.4952,0.9408,0.0000
USD/CHF,5min,131436,-0.0020,0.462293,-0.0146,0.4978,0.9932,0.0000
USD/CHF,15min,131434,-0.0010,0.726240,-0.0437,0.5001,0.9882,0.0000
USD/CHF,30min,131431,0.0017,0.531437,-0.0868,0.5001,0.9835,0.0000
USD/CHF,1h,131425,0.0083,0.002769,-0.1727,0.5028,0.9772,0.0000
USD/CHF,4h,131389,0.0179,0.000000,-0.7026,0.5111,0.9571,0.0000
USD/CHF,8h,131341,0.0188,0.000000,-1.4351,0.5110,0.9398,0.0000
USD/CHF,1d,130957,0.0031,0.267689,-7.1367,0.4822,0.8703,0.0000
USD/JPY,5min,131456,0.0073,0.008131,0.0324,0.5058,1.0103,0.0324
USD/JPY,15min,131454,0.0128,0.000003,0.0975,0.5126,1.0176,0.0975
USD/JPY,30min,131451,0.0172,0.000000,0.1956,0.5166,1.0246,0.1956
USD/JPY,1h,131445,0.0200,0.000000,0.3931,0.5215,1.0339,0.3931
USD/JPY,4h,131409,0.0111,0.000054,1.5745,0.5336,1.0636,1.5745
USD/JPY,8h,131361,0.0012,0.671501,3.1511,0.5338,1.0891,3.1511
USD/JPY,1d,130977,-0.0080,0.003602,16.1548,0.5589,1.2136,16.1548
